{"cameraMode":{"drawMode":0,"name":"Shaded","section":"Shading Mode"},"sceneLighting":true,"audioPlay":false,"sceneViewState":{"m_AlwaysRefresh":false,"showFog":true,"showSkybox":true,"showFlares":true,"showImageEffects":true,"showParticleSystems":true,"showVisualEffectGraphs":true,"m_FxEnabled":true},"in2DMode":false,"pivot":{"x":28.26422119140625,"y":-4.063999176025391,"z":22.992206573486329},"rotation":{"x":-0.060532111674547198,"y":-0.4482019245624542,"z":0.030447427183389665,"w":-0.8913737535476685},"size":19.924312591552736,"orthographic":false}